rouge1,rouge2,rougeL,rougeLsum
0.02321653423972557,0.0,0.023057174054753035,0.023518038804707403
